model_name,log_loss,brier,accuracy,auc,ece,mce,calibration_alpha,calibration_beta
nn_mlp,0.9121344659269532,0.3120677417250721,0.5086092715231788,0.525189218086154,0.23152106711411594,0.4767022203627632,0.07805180985192825,0.06289297179872946
