model_name,log_loss,brier,accuracy,auc,ece,mce,calibration_alpha,calibration_beta
gbdt,0.8077152300029294,0.2695493012721764,0.5948717948717949,0.6324873631696531,0.16877750881075326,0.26932743152184435,-0.04317493809254501,0.27086538151317424
