model_name,log_loss,brier,accuracy,auc,ece,mce,calibration_alpha,calibration_beta
two_stage,0.7177885159640413,0.25882580444623693,0.5435028248587571,0.5654488079259858,0.09816319782870228,0.4253259580409976,0.1298307782621322,0.30873914432721344
