model_name,log_loss,brier,accuracy,auc,ece,mce,calibration_alpha,calibration_beta
gbdt,0.8045640987548344,0.2677193368037445,0.6153846153846154,0.6378320669043556,0.15715619343353174,0.275843062782269,-0.05033943579888492,0.27855503515786756
