model_name,log_loss,brier,accuracy,auc,ece,mce,calibration_alpha,calibration_beta
two_stage,0.7253489123416956,0.2619276680491931,0.5322033898305085,0.5606897328975543,0.10698274921150214,0.5927011793489473,0.13681410756835843,0.2924525621484606
