model_name,log_loss,brier,accuracy,auc,ece,mce,calibration_alpha,calibration_beta
nn_mlp,0.9701482511784362,0.30771126600860776,0.536923076923077,0.59207779886148,0.24008212367501114,0.5020133078861461,0.0686138518257888,0.11055727782016601
