model_name,log_loss,brier,accuracy,auc,ece,mce,calibration_alpha,calibration_beta
rf,0.6823089166127215,0.24466865922951211,0.5423728813559322,0.5821132547155312,0.035061425401237925,0.15936227530454194,0.1324505364110232,0.7936687929794152
