model_name,log_loss,brier,accuracy,auc,ece,mce,calibration_alpha,calibration_beta
rf,0.6825648743007201,0.2448416888495243,0.5649717514124294,0.5798745940186265,0.03459026051489372,0.09007259182603189,0.13440299343005682,0.9071513028123738
