model_name,log_loss,brier,accuracy,auc,ece,mce,calibration_alpha,calibration_beta
two_stage,1.2206753233917198,0.3015946569958279,0.6089743589743589,0.635775904678428,0.23100018383141108,0.350735263389932,-0.048734460238277245,0.1285011244666418
