model_name,log_loss,brier,accuracy,auc,ece,mce,calibration_alpha,calibration_beta
glm_logit,0.6599458549542777,0.23100592643965293,0.6538461538461539,0.674750723281424,0.06275885750948036,0.25858403064219704,-0.054982720812388045,0.6460448789969524
