model_name,log_loss,brier,accuracy,auc,ece,mce,calibration_alpha,calibration_beta
two_stage,1.1921415189925213,0.30708139063671713,0.5987179487179487,0.6206446595799366,0.22731966826334754,0.38855179689320307,-0.07252344400444316,0.1255548562169596
