model_name,log_loss,brier,accuracy,auc,ece,mce,calibration_alpha,calibration_beta
glm_logit,0.7217712226091808,0.2600808357976723,0.5423728813559322,0.5434976383922625,0.06690094497557075,0.6892115150784188,0.09266581883398198,0.18618114491087778
