model_name,log_loss,brier,accuracy,auc,ece,mce,calibration_alpha,calibration_beta
rf,0.6812800617521296,0.2442511315772957,0.5615819209039548,0.5853918424638588,0.04045328704800143,0.1044925705976596,0.15211769311944057,0.9781034465598084
