model_name,log_loss,brier,accuracy,auc,ece,mce,calibration_alpha,calibration_beta
glm_logit,0.715873991838743,0.2581456563819333,0.5412429378531074,0.5467659805538765,0.06798587828866616,0.6090416048750185,0.09489516767345531,0.22409662206674313
