model_name,log_loss,brier,accuracy,auc,ece,mce,calibration_alpha,calibration_beta
bayes_bt_state_space,0.6747490273284674,0.2411373530610357,0.5672316384180791,0.5987930698851469,0.030486675647673385,0.11560302583974597,0.05644486121906575,0.8031268684904623
