{
  "process_variance": 0.08,
  "prior_variance": 1.5,
  "draws": 500,
  "team_to_ix": {
    "ANA": 0,
    "BOS": 1,
    "BUF": 2,
    "CAN": 3,
    "CAR": 4,
    "CBJ": 5,
    "CGY": 6,
    "CHI": 7,
    "COL": 8,
    "CZE": 9,
    "DAL": 10,
    "DEN": 11,
    "DET": 12,
    "EDM": 13,
    "FIN": 14,
    "FLA": 15,
    "FRA": 16,
    "GER": 17,
    "ITA": 18,
    "LAK": 19,
    "LAT": 20,
    "MIN": 21,
    "MTL": 22,
    "NJD": 23,
    "NSH": 24,
    "NYI": 25,
    "NYR": 26,
    "OTT": 27,
    "PHI": 28,
    "PIT": 29,
    "SEA": 30,
    "SJS": 31,
    "STL": 32,
    "SUI": 33,
    "SVK": 34,
    "SWE": 35,
    "TBL": 36,
    "TOR": 37,
    "USA": 38,
    "UTA": 39,
    "VAN": 40,
    "VGK": 41,
    "WPG": 42,
    "WSH": 43
  },
  "ix_to_team": [
    "ANA",
    "BOS",
    "BUF",
    "CAN",
    "CAR",
    "CBJ",
    "CGY",
    "CHI",
    "COL",
    "CZE",
    "DAL",
    "DEN",
    "DET",
    "EDM",
    "FIN",
    "FLA",
    "FRA",
    "GER",
    "ITA",
    "LAK",
    "LAT",
    "MIN",
    "MTL",
    "NJD",
    "NSH",
    "NYI",
    "NYR",
    "OTT",
    "PHI",
    "PIT",
    "SEA",
    "SJS",
    "STL",
    "SUI",
    "SVK",
    "SWE",
    "TBL",
    "TOR",
    "USA",
    "UTA",
    "VAN",
    "VGK",
    "WPG",
    "WSH"
  ],
  "state_mean": [
    -0.0009239754520220828,
    -0.001009991435167548,
    -0.0019915989039553834,
    -0.0020993817480049635,
    -0.001015339776922782,
    -0.0012517774480572934,
    0.0018325050231196203,
    0.0008950231980641898,
    0.0007858383469433847,
    0.0004739722319568558,
    -0.0019524374247559895,
    0.0008237138154042272,
    -0.0004986373269034844,
    0.0007381672755126735,
    -0.0011259370916584844,
    0.0010886787048418486,
    0.0020536465479438133,
    0.0006725435928542579,
    0.001622368916837004,
    0.001444052277420602,
    0.0018682429566071262,
    -0.0004774966887559165,
    -0.0011565357028789928,
    0.00023577788944230434,
    0.0002860226624714526,
    -0.0015789907402438583,
    0.0011093763329747789,
    -9.62009131391696e-05,
    0.00025965971025391924,
    0.00040868196323572484,
    -0.0006481854093542432,
    0.0006742315072150773,
    -1.4952624716157174e-05,
    -0.0004133333715867859,
    0.00029503914283944386,
    -0.00086705603805713,
    -0.0022123652349779806,
    0.001098028329764073,
    -0.003155372280889177,
    -0.0008076331014678093,
    0.0025693003478313124,
    0.0011896783492956703,
    0.00032553380850436223,
    0.0005471157821815101
  ],
  "state_var": [
    2.2529097880486786e-06,
    2.2391747544514544e-06,
    2.249721082773673e-06,
    2.6395606425606586e-06,
    2.188294924239159e-06,
    2.3598836154552866e-06,
    2.2650165203425483e-06,
    2.2490720524856693e-06,
    2.232823528182595e-06,
    2.742644372833216e-06,
    2.511191553414291e-06,
    3.1174712635424364e-06,
    2.15418169802339e-06,
    2.0178728596864733e-06,
    2.552093713465519e-06,
    2.161967889524344e-06,
    3.105310913754736e-06,
    2.7320151959055367e-06,
    3.356084325774922e-06,
    2.0278611225792273e-06,
    3.045514477857488e-06,
    2.2412676426046885e-06,
    2.0439787018613215e-06,
    2.2125823223039208e-06,
    2.1270467790238437e-06,
    2.148092261376269e-06,
    2.435846114998987e-06,
    2.0649079806312937e-06,
    2.0670639361319145e-06,
    2.2618247041310973e-06,
    2.125479040255673e-06,
    2.0400580819563566e-06,
    2.324543855095922e-06,
    2.8366826645416857e-06,
    2.639525982422435e-06,
    2.757072153323783e-06,
    2.214002942795639e-06,
    2.0548893113802173e-06,
    2.6009294952576877e-06,
    2.2242159607795046e-06,
    2.6678943030223203e-06,
    2.160816621293656e-06,
    2.133633187855338e-06,
    2.0600986681881423e-06
  ],
  "feature_columns": [
    "home_starter_goalie_id",
    "home_rest_days_x",
    "home_penalty_diff_ewm",
    "home_goalie_quality_raw",
    "home_goalie_quality_ewm",
    "home_goalie_starts_last7",
    "home_goalie_starts_last14",
    "home_goalie_b2b_starter",
    "home_goalie_uncertainty_feature",
    "home_penalty_diff_proxy",
    "home_lineup_uncertainty",
    "away_starter_goalie_id",
    "away_rest_days_x",
    "away_penalty_diff_ewm",
    "away_goalie_quality_raw",
    "away_goalie_quality_ewm",
    "away_goalie_starts_last7",
    "away_goalie_starts_last14",
    "away_goalie_b2b_starter",
    "away_goalie_uncertainty_feature",
    "away_penalty_diff_proxy",
    "away_lineup_uncertainty",
    "diff_form_goal_diff",
    "diff_form_win_rate",
    "diff_xg_share",
    "diff_shots_for",
    "diff_shots_against",
    "diff_penalty_diff",
    "diff_roster_strength",
    "diff_lineup_uncertainty",
    "special_pp_diff",
    "special_penalty_diff",
    "special_pk_pressure_diff",
    "goalie_quality_diff",
    "goalie_workload_diff_7",
    "goalie_workload_diff_14",
    "goalie_uncertainty_diff",
    "home_rest_days_y",
    "home_travel_miles",
    "away_rest_days_y",
    "away_travel_miles",
    "travel_diff",
    "rest_diff",
    "rink_goal_effect",
    "rink_shot_effect",
    "fallback_goalie_unknown",
    "fallback_lineup_proxy_used",
    "elo_home_pre",
    "elo_away_pre",
    "elo_home_prob",
    "dyn_home_mean",
    "dyn_away_mean",
    "dyn_home_prob",
    "dyn_var_diff"
  ],
  "beta": [
    5.3579549590539273e-05,
    -0.002425032367382641,
    -0.000865464845040886,
    0.0019443682990183616,
    -2.9834821820108398e-05,
    0.004346938278599151,
    0.011223575828374424,
    0.0009822014245043557,
    -0.001529011490430259,
    0.0018440358117799835,
    -0.0001565405421522483,
    -5.35364980213233e-05,
    -0.011782466299427684,
    -0.00012058212806390028,
    -0.002152465415169689,
    -2.509721855942806e-05,
    0.005457610787617156,
    0.012184250338782229,
    0.001336020432648816,
    -0.0015944339855142077,
    -0.0018440358117799835,
    -0.0001565405421522483,
    0.002624944004105873,
    0.00041534378611821505,
    0.00012480529086440187,
    -0.0015462060578712057,
    -0.014860670469271885,
    -0.0007448827187692859,
    0.002160034260994823,
    0.0,
    3.7274592218481275e-05,
    -0.0007448827187692859,
    0.000564507652314399,
    -4.7376025868924475e-06,
    -0.0011106725056260244,
    -0.0009606744061348833,
    6.542252686767423e-05,
    -0.0030570385131347905,
    0.0,
    -0.010189628919137881,
    0.0,
    0.0,
    0.007132590483961192,
    0.005615905346497903,
    0.02406879345939908,
    -0.0016721651956324904,
    -4.601354171025015e-07,
    0.0019928460842769283,
    -0.0021558820391224275,
    -2.442571911227446e-07,
    0.0011095576711340253,
    0.0008118319468729007,
    -1.757971026872796e-05,
    -0.00034473419830716775
  ],
  "intercept": -4.601366676691571e-07,
  "elbo_trace": [
    -819.2351922652482,
    -815.1366522939389,
    -816.107586083855
  ]
}