model_name,log_loss,brier,accuracy,auc,ece,mce,calibration_alpha,calibration_beta
bayes_bt_state_space,0.6819413887720934,0.2445046980360004,0.5559322033898305,0.5809401350368328,0.03841112420544014,0.24991843147903625,0.05668320770115109,0.6403574562743733
