model_name,log_loss,brier,accuracy,auc,ece,mce,calibration_alpha,calibration_beta
gbdt,0.8048608179920367,0.28255657626562536,0.5536723163841808,0.5687965533846295,0.16085042277552306,0.35896195058942443,0.09980757982030586,0.18016084566790386
