model_name,log_loss,brier,accuracy,auc,ece,mce,calibration_alpha,calibration_beta
nn_mlp,0.9987495609763121,0.31762913944245025,0.5231788079470199,0.5256253341211559,0.21610758269917713,0.5070240519897306,0.10172335957211451,0.02700192623633454
