model_name,log_loss,brier,accuracy,auc,ece,mce,calibration_alpha,calibration_beta
glm_logit,0.7216913451913377,0.26005956544708786,0.5423728813559322,0.5433644457649868,0.06680829884608672,0.6892269333292321,0.09264653511194,0.18636777689237669
