model_name,log_loss,brier,accuracy,auc,ece,mce,calibration_alpha,calibration_beta
gbdt,0.7994844021772903,0.26706770112006945,0.6102564102564103,0.6403759086325862,0.16228985059069675,0.30285978715453266,-0.04080598828919818,0.28346203300823036
