model_name,log_loss,brier,accuracy,auc,ece,mce,calibration_alpha,calibration_beta
gbdt,0.805339902683895,0.26989727731353536,0.6,0.6351696004323213,0.17274926545934952,0.2803811443356906,-0.021102125423083633,0.2741189159096081
