model_name,log_loss,brier,accuracy,auc,ece,mce,calibration_alpha,calibration_beta
gbdt,0.8142464072432691,0.28610341714112136,0.5559322033898305,0.5658176490476727,0.17308587659024494,0.36608390092818277,0.11051492009052963,0.17661405757692988
