model_name,log_loss,brier,accuracy,auc,ece,mce,calibration_alpha,calibration_beta
rf,0.6467634080958768,0.22737667888508886,0.6346153846153846,0.6784610416570559,0.038089848035421696,0.4772395434583392,-0.1412579015194827,0.9578267734809588
