model_name,log_loss,brier,accuracy,auc,ece,mce,calibration_alpha,calibration_beta
nn_mlp,1.9765383429340473,0.3312266712809538,0.6230769230769231,0.6642457305502847,0.30476451431503293,0.3551169174182053,-0.1287644375488817,0.09158282272357988
