model_name,log_loss,brier,accuracy,auc,ece,mce,calibration_alpha,calibration_beta
rf,0.6829421099175776,0.24505582567804796,0.5706214689265536,0.5797362785979939,0.03648279275130064,0.1787886840344447,0.1295085877204634,0.8266771720861422
