{
  "selected_width": 14,
  "selected_reason": "Best walk-forward fit and best significance/stability profile among NHL glm_logit candidates.",
  "comparison": {
    "width_16": {
      "log_loss": 0.6766556232937382,
      "brier": 0.2420016121383087,
      "accuracy": 0.5751412429378531,
      "auc": 0.5943106256979807,
      "sig_p05": 2,
      "sig_p10": 2,
      "mean_p_value": 0.42738874585550557,
      "vif_gt_10": 3,
      "sign_flip_share": 0.3125,
      "coef_cv_median": 0.6961435454040641
    },
    "width_14": {
      "log_loss": 0.6758330899217927,
      "brier": 0.2415913241316772,
      "accuracy": 0.5785310734463277,
      "auc": 0.5968771451697182,
      "sig_p05": 2,
      "sig_p10": 3,
      "mean_p_value": 0.40332538155224407,
      "vif_gt_10": 3,
      "sign_flip_share": 0.2857142857142857,
      "coef_cv_median": 0.5889623857852961
    }
  },
  "selected_features": [
    "diff_form_goal_diff",
    "diff_form_win_rate",
    "travel_diff",
    "rest_diff",
    "elo_home_prob",
    "dyn_home_prob",
    "rink_goal_effect",
    "diff_roster_strength",
    "rink_shot_effect",
    "dyn_home_mean",
    "diff_xg_share",
    "elo_home_pre",
    "goalie_uncertainty_diff",
    "elo_away_pre"
  ]
}