model_name,log_loss,brier,accuracy,auc,ece,mce,calibration_alpha,calibration_beta
nn_mlp,3.7118855590436706,0.44420059727917577,0.5184615384615384,0.5545445920303604,0.44156798278805576,0.5049805035882583,0.010733828817185842,0.020484465673375064
