model_name,log_loss,brier,accuracy,auc,ece,mce,calibration_alpha,calibration_beta
rf,0.6432084862058219,0.22568145453840086,0.6333333333333333,0.6852424228444897,0.04193111475322422,0.402517637390412,-0.14619428276445257,0.9641259281941852
