model_name,log_loss,brier,accuracy,auc,ece,mce,calibration_alpha,calibration_beta
rf,0.6440045318718713,0.22608993334767655,0.6371794871794871,0.6825470050547321,0.03336945352063851,0.2149637659405323,-0.12767655570248487,0.9664003296112053
