model_name,log_loss,brier,accuracy,auc,ece,mce,calibration_alpha,calibration_beta
two_stage,1.455299986912545,0.32710663945451723,0.5923076923076923,0.5861578104508399,0.24965314998070776,0.43212696766258785,-0.008779056691231933,0.06524700206887034
