{
  "bayes_bt_state_space": {
    "accuracy": 0.6106194690265486,
    "auc": 0.678062478062478,
    "brier": 0.22258055657906242,
    "log_loss": 0.6329930601234638
  },
  "bayes_goals": {
    "accuracy": 0.6548672566371682,
    "auc": 0.7210775710775711,
    "brier": 0.21580058430678467,
    "log_loss": 0.6217941067263564
  },
  "dynamic_rating": {
    "accuracy": 0.5634218289085545,
    "auc": 0.6042120042120043,
    "brier": 0.2506735800627169,
    "log_loss": 0.7030941687699883
  },
  "elo_baseline": {
    "accuracy": 0.5988200589970502,
    "auc": 0.6176377676377676,
    "brier": 0.24358956346716146,
    "log_loss": 0.6802701607038953
  },
  "gbdt": {
    "accuracy": 1.0,
    "auc": 1.0,
    "brier": 3.313110064806366e-11,
    "log_loss": 5.733079530237417e-06
  },
  "glm_logit": {
    "accuracy": 1.0,
    "auc": 1.0,
    "brier": 0.00023863082748727552,
    "log_loss": 0.005126768631486691
  },
  "goals_poisson": {
    "accuracy": 0.6755162241887905,
    "auc": 0.7445945945945946,
    "brier": 0.21396330686660112,
    "log_loss": 0.6183798425658555
  },
  "rf": {
    "accuracy": 1.0,
    "auc": 1.0,
    "brier": 0.002453891485849017,
    "log_loss": 0.043287642197138376
  },
  "simulation_first": {
    "accuracy": 0.5870206489675516,
    "auc": 0.615110565110565,
    "brier": 0.2461255835891879,
    "log_loss": 0.6965883974316822
  },
  "two_stage": {
    "accuracy": 1.0,
    "auc": 1.0,
    "brier": 0.0010209135706590264,
    "log_loss": 0.009030089649529647
  }
}