model_name,log_loss,brier,accuracy,auc,ece,mce,calibration_alpha,calibration_beta
gbdt,0.8030635573238706,0.26681062488744306,0.6064102564102564,0.6364019797151688,0.15381108777128247,0.2888525427299803,-0.018366494520520638,0.2700063932726531
