model_name,log_loss,brier,accuracy,auc,ece,mce,calibration_alpha,calibration_beta
bayes_bt_state_space,0.6780014331280079,0.24260204654747586,0.5661016949152542,0.5930299273587902,0.03914786793344376,0.23057641532703702,0.06482551862203682,0.7237921510059424
