model_name,log_loss,brier,accuracy,auc,ece,mce,calibration_alpha,calibration_beta
bayes_bt_state_space,0.675339377741177,0.2413999860151307,0.5717514124293785,0.5950892902882083,0.0260737094875485,0.33552318271366566,0.05794829754209592,0.7963751143307117
