{
  "bayes_bt_state_space": {
    "accuracy": 0.551410373066424,
    "auc": 0.5712763202454232,
    "brier": 0.2443453841104687,
    "log_loss": 0.6814338912646263
  },
  "bayes_goals": {
    "accuracy": 0.6060054595086443,
    "auc": 0.6300125500507978,
    "brier": 0.23771708393084626,
    "log_loss": 0.6680197512257897
  },
  "dynamic_rating": {
    "accuracy": 0.532302092811647,
    "auc": 0.5452963870462226,
    "brier": 0.268178680434589,
    "log_loss": 0.7378470264523075
  },
  "elo_baseline": {
    "accuracy": 0.5468607825295724,
    "auc": 0.5552683652396795,
    "brier": 0.24667144460299456,
    "log_loss": 0.6863877657200192
  },
  "gbdt": {
    "accuracy": 1.0,
    "auc": 1.0,
    "brier": 3.0247017244629566e-12,
    "log_loss": 1.7370994667138428e-06
  },
  "glm_logit": {
    "accuracy": 0.905368516833485,
    "auc": 0.9645012848861532,
    "brier": 0.07149201033957905,
    "log_loss": 0.24442775044261963
  },
  "goals_poisson": {
    "accuracy": 0.6232939035486806,
    "auc": 0.6433826703055173,
    "brier": 0.23592401556970985,
    "log_loss": 0.6645363685766731
  },
  "rf": {
    "accuracy": 1.0,
    "auc": 1.0,
    "brier": 0.000786816895119075,
    "log_loss": 0.021688667463729834
  },
  "simulation_first": {
    "accuracy": 0.5268425841674249,
    "auc": 0.5362573623644562,
    "brier": 0.25512577209336873,
    "log_loss": 0.7053700887599068
  },
  "two_stage": {
    "accuracy": 0.8980891719745223,
    "auc": 0.9600058434098953,
    "brier": 0.07545157314579075,
    "log_loss": 0.2558015065433282
  }
}