model_name,log_loss,brier,accuracy,auc,ece,mce,calibration_alpha,calibration_beta
glm_logit,0.6669575705439532,0.23376536365868725,0.6487179487179487,0.6715346746716402,0.07007563714127611,0.2644459032558918,-0.05509738089619998,0.5928899468702964
