model_name,log_loss,brier,accuracy,auc,ece,mce,calibration_alpha,calibration_beta
rf,0.682080740707234,0.24455796026859927,0.5615819209039548,0.5919387723738,0.04363205389734293,0.3380992505334289,0.1520734966449483,0.8951315210265725
