model_name,log_loss,brier,accuracy,auc,ece,mce,calibration_alpha,calibration_beta
nn_mlp,0.8338622069881574,0.2797073650871356,0.5112582781456954,0.534439098505951,0.1700853954789125,0.45591548884775146,0.06105219398391256,0.05923140739531267
