{
  "process_variance": 0.08,
  "prior_variance": 1.5,
  "draws": 500,
  "team_to_ix": {
    "ANA": 0,
    "BOS": 1,
    "BUF": 2,
    "CAN": 3,
    "CAR": 4,
    "CBJ": 5,
    "CGY": 6,
    "CHI": 7,
    "COL": 8,
    "CZE": 9,
    "DAL": 10,
    "DEN": 11,
    "DET": 12,
    "EDM": 13,
    "FIN": 14,
    "FLA": 15,
    "FRA": 16,
    "GER": 17,
    "ITA": 18,
    "LAK": 19,
    "LAT": 20,
    "MIN": 21,
    "MTL": 22,
    "NJD": 23,
    "NSH": 24,
    "NYI": 25,
    "NYR": 26,
    "OTT": 27,
    "PHI": 28,
    "PIT": 29,
    "SEA": 30,
    "SJS": 31,
    "STL": 32,
    "SUI": 33,
    "SVK": 34,
    "SWE": 35,
    "TBL": 36,
    "TOR": 37,
    "USA": 38,
    "UTA": 39,
    "VAN": 40,
    "VGK": 41,
    "WPG": 42,
    "WSH": 43
  },
  "ix_to_team": [
    "ANA",
    "BOS",
    "BUF",
    "CAN",
    "CAR",
    "CBJ",
    "CGY",
    "CHI",
    "COL",
    "CZE",
    "DAL",
    "DEN",
    "DET",
    "EDM",
    "FIN",
    "FLA",
    "FRA",
    "GER",
    "ITA",
    "LAK",
    "LAT",
    "MIN",
    "MTL",
    "NJD",
    "NSH",
    "NYI",
    "NYR",
    "OTT",
    "PHI",
    "PIT",
    "SEA",
    "SJS",
    "STL",
    "SUI",
    "SVK",
    "SWE",
    "TBL",
    "TOR",
    "USA",
    "UTA",
    "VAN",
    "VGK",
    "WPG",
    "WSH"
  ],
  "state_mean": [
    -0.005028609856670919,
    -0.0010521366379738887,
    -0.008879234415167591,
    -0.007716723468676264,
    -0.0014342475497373106,
    -0.001065708682816811,
    0.005484927329355469,
    0.003789657075930374,
    -0.0031660956625992093,
    0.002023558923760003,
    -0.010577780313960911,
    0.004845665939420591,
    -0.004251846841492173,
    0.004257515681463567,
    -0.005854004962581935,
    0.0058970883638008575,
    0.007770276667052566,
    0.0017625903523078642,
    0.00498300421500708,
    0.0039044630214013836,
    0.004945949618606951,
    -0.004148182244750169,
    -0.002637615537677688,
    -0.000864355021854022,
    -9.059871120965245e-05,
    -0.0072130104743100215,
    0.00731691386660282,
    2.8543025752985655e-05,
    -0.0011894852315612586,
    0.006473331921510645,
    -0.004492376749832558,
    0.002708600243872936,
    0.0019352257055048703,
    -0.0016691260809461545,
    0.0011388801663261222,
    -0.0018670613056178593,
    -0.007681617155020557,
    0.0029564142810757726,
    -0.011726618463748775,
    0.00024610508334375317,
    0.010149061439388016,
    0.006831096061911917,
    0.0009548418400306278,
    0.0022027245447785535
  ],
  "state_var": [
    4.572624764191142e-05,
    4.509044178673643e-05,
    4.4811585183177104e-05,
    5.350867024799601e-05,
    4.5079763651213255e-05,
    4.861525937780669e-05,
    4.51753432943197e-05,
    4.496311164477123e-05,
    4.5281868864220604e-05,
    5.5238129502443635e-05,
    5.0425232219351725e-05,
    5.6041858414708566e-05,
    4.389568828711789e-05,
    3.9175649638068387e-05,
    5.421719251960273e-05,
    4.41821128669403e-05,
    6.163507476044316e-05,
    5.355641598540358e-05,
    7.830040604745771e-05,
    4.150934300785439e-05,
    5.7208276966257876e-05,
    4.638207840490682e-05,
    4.075592313129574e-05,
    4.338711982952488e-05,
    4.166829610912774e-05,
    4.599308888465544e-05,
    5.253405878230054e-05,
    4.0078434559347855e-05,
    4.3116792577203546e-05,
    4.614778167276638e-05,
    4.165413308473397e-05,
    4.0384725774309803e-05,
    4.790828962291162e-05,
    5.724544008688604e-05,
    5.383267689072369e-05,
    5.8904282629318987e-05,
    4.6367216758964156e-05,
    4.2478687319054246e-05,
    5.4453595087182e-05,
    4.444573502418448e-05,
    5.517362076757371e-05,
    4.319653016731284e-05,
    4.049560812595463e-05,
    3.969131440687987e-05
  ],
  "feature_columns": [
    "home_starter_goalie_id",
    "home_rest_days_x",
    "home_penalty_diff_ewm",
    "home_goalie_quality_raw",
    "home_goalie_quality_ewm",
    "home_goalie_starts_last7",
    "home_goalie_starts_last14",
    "home_goalie_b2b_starter",
    "home_goalie_uncertainty_feature",
    "home_penalty_diff_proxy",
    "home_lineup_uncertainty",
    "away_starter_goalie_id",
    "away_rest_days_x",
    "away_penalty_diff_ewm",
    "away_goalie_quality_raw",
    "away_goalie_quality_ewm",
    "away_goalie_starts_last7",
    "away_goalie_starts_last14",
    "away_goalie_b2b_starter",
    "away_goalie_uncertainty_feature",
    "away_penalty_diff_proxy",
    "away_lineup_uncertainty",
    "diff_form_goal_diff",
    "diff_form_win_rate",
    "diff_xg_share",
    "diff_shots_for",
    "diff_shots_against",
    "diff_penalty_diff",
    "diff_roster_strength",
    "diff_lineup_uncertainty",
    "special_pp_diff",
    "special_penalty_diff",
    "special_pk_pressure_diff",
    "goalie_quality_diff",
    "goalie_workload_diff_7",
    "goalie_workload_diff_14",
    "goalie_uncertainty_diff",
    "home_rest_days_y",
    "home_travel_miles",
    "away_rest_days_y",
    "away_travel_miles",
    "travel_diff",
    "rest_diff",
    "rink_goal_effect",
    "rink_shot_effect",
    "fallback_goalie_unknown",
    "fallback_lineup_proxy_used",
    "elo_home_pre",
    "elo_away_pre",
    "elo_home_prob",
    "dyn_home_mean",
    "dyn_away_mean",
    "dyn_home_prob",
    "dyn_var_diff"
  ],
  "beta": [
    7.54086309004499e-05,
    0.06713321747818632,
    -0.076080482315496,
    0.025129074760611,
    -0.00024737254216900624,
    -0.0672637316374356,
    0.021636524476140305,
    0.022815433824464486,
    0.0018920789260408826,
    0.03640552261678297,
    -0.005486101357467182,
    -7.599211111471895e-05,
    -0.1281224278654364,
    0.026565686891603955,
    -0.028200154747850197,
    -0.0028651469674533885,
    -0.036346563347155615,
    0.036683021334686275,
    0.02795791519777168,
    -0.002035027477770052,
    -0.03640552261678297,
    -0.005486101357467182,
    0.06645620973365647,
    0.01218775859714149,
    -0.0006175530930076259,
    -0.009710214427103271,
    -0.052978833230880096,
    -0.10264521471330722,
    0.02331400517124688,
    0.0,
    -0.0024551635438045906,
    -0.10264521471330722,
    0.005002148339318765,
    0.002617780226196768,
    -0.03091708086563254,
    -0.015046758436354939,
    0.003926957365851147,
    0.014916422382098235,
    0.0,
    0.004520076127386645,
    0.0,
    0.0,
    0.010392946079604462,
    0.0705573651191579,
    0.06416498734962113,
    0.006707692803001608,
    -1.1957590909991285e-05,
    0.005039861751806811,
    -0.0015645493315664442,
    5.857978212919129e-06,
    -0.0043954465251859155,
    -0.00351141188195024,
    0.0011594307551195057,
    0.0037189943822081516
  ],
  "intercept": -1.1969480573956438e-05,
  "elbo_trace": [
    -242.19995898008258,
    -240.0933525015504,
    -241.24518335619098
  ]
}