model_name,log_loss,brier,accuracy,auc,ece,mce,calibration_alpha,calibration_beta
glm_logit,0.6637132689417113,0.2326109605472727,0.6448717948717949,0.6728461371170232,0.06193218672739745,0.35013110575120987,-0.0619787137056186,0.6177914455015978
