model_name,log_loss,brier,accuracy,auc,ece,mce,calibration_alpha,calibration_beta
rf,0.6823577447771003,0.24468487482747892,0.5559322033898305,0.5870721186848765,0.042772776490090876,0.0534322060776658,0.1583114515619077,0.8672445533175612
