model_name,log_loss,brier,accuracy,auc,ece,mce,calibration_alpha,calibration_beta
glm_logit,0.663713268941711,0.23261096054727265,0.6448717948717949,0.6728461371170232,0.06193218672739742,0.35013110575120976,-0.0619787137056189,0.6177914455015984
