model_name,log_loss,brier,accuracy,auc,ece,mce,calibration_alpha,calibration_beta
rf,0.6819686903704667,0.24452804927086236,0.5683615819209039,0.5883220802639264,0.043203249139273904,0.1798665069264933,0.1505081060314773,0.8499257623948933
