model_name,log_loss,brier,accuracy,auc,ece,mce,calibration_alpha,calibration_beta
rf,0.6829421099175776,0.24505582567804796,0.5706214689265536,0.5797362785979939,0.03648279275130058,0.1787886840344446,0.12950858772046334,0.826677172086142
