model_name,log_loss,brier,accuracy,auc,ece,mce,calibration_alpha,calibration_beta
glm_logit,0.6766556232937382,0.2420016121383087,0.5751412429378531,0.5943106256979807,0.030751389649666866,0.14885394371318192,0.058789197377393375,0.7749056937130168
