model_name,log_loss,brier,accuracy,auc,ece,mce,calibration_alpha,calibration_beta
glm_logit,0.6758330899217927,0.2415913241316772,0.5785310734463277,0.5968771451697182,0.030995384659842792,0.14943962934764085,0.05955231180744746,0.7903205617367556
