model_name,log_loss,brier,accuracy,auc,ece,mce,calibration_alpha,calibration_beta
two_stage,0.7074539889684852,0.2541337118917715,0.5502824858757062,0.5734147515957502,0.07059873670177158,0.42459739346450104,0.09399994379547595,0.3499277719368125
