model_name,log_loss,brier,accuracy,auc,ece,mce,calibration_alpha,calibration_beta
nn_mlp,0.805900844488229,0.2843902301915218,0.5549668874172186,0.5710376747981205,0.17063326401048923,0.6698878042872763,0.05220512828306882,0.18095085171471315
