model_name,log_loss,brier,accuracy,auc,ece,mce,calibration_alpha,calibration_beta
two_stage,0.8561878788104544,0.29797920753328155,0.5107344632768361,0.5364435519400018,0.19183803944396793,0.41143039648889457,0.16455978844156757,0.10724417778065029
