model_name,log_loss,brier,accuracy,auc,ece,mce,calibration_alpha,calibration_beta
nn_mlp,2.3977423336538792,0.3820766348542854,0.5815384615384616,0.6092789373814042,0.36668482259861135,0.41391928686802615,-0.27300310969497626,0.0812405152686711
