{
  "process_variance": 0.08,
  "prior_variance": 1.5,
  "draws": 500,
  "team_to_ix": {
    "ANA": 0,
    "BOS": 1,
    "BUF": 2,
    "CAN": 3,
    "CAR": 4,
    "CBJ": 5,
    "CGY": 6,
    "CHI": 7,
    "COL": 8,
    "CZE": 9,
    "DAL": 10,
    "DEN": 11,
    "DET": 12,
    "EDM": 13,
    "FIN": 14,
    "FLA": 15,
    "FRA": 16,
    "GER": 17,
    "ITA": 18,
    "LAK": 19,
    "LAT": 20,
    "MIN": 21,
    "MTL": 22,
    "NJD": 23,
    "NSH": 24,
    "NYI": 25,
    "NYR": 26,
    "OTT": 27,
    "PHI": 28,
    "PIT": 29,
    "SEA": 30,
    "SJS": 31,
    "STL": 32,
    "SUI": 33,
    "SVK": 34,
    "SWE": 35,
    "TBL": 36,
    "TOR": 37,
    "USA": 38,
    "UTA": 39,
    "VAN": 40,
    "VGK": 41,
    "WPG": 42,
    "WSH": 43
  },
  "ix_to_team": [
    "ANA",
    "BOS",
    "BUF",
    "CAN",
    "CAR",
    "CBJ",
    "CGY",
    "CHI",
    "COL",
    "CZE",
    "DAL",
    "DEN",
    "DET",
    "EDM",
    "FIN",
    "FLA",
    "FRA",
    "GER",
    "ITA",
    "LAK",
    "LAT",
    "MIN",
    "MTL",
    "NJD",
    "NSH",
    "NYI",
    "NYR",
    "OTT",
    "PHI",
    "PIT",
    "SEA",
    "SJS",
    "STL",
    "SUI",
    "SVK",
    "SWE",
    "TBL",
    "TOR",
    "USA",
    "UTA",
    "VAN",
    "VGK",
    "WPG",
    "WSH"
  ],
  "state_mean": [
    1.8422730217458275e-05,
    8.467062635584984e-06,
    3.66779452905038e-05,
    3.66111215184031e-05,
    2.4215450545307355e-05,
    2.495331107326266e-05,
    -2.640359412804307e-05,
    -1.668999689190301e-05,
    -2.0915254794330647e-06,
    -7.325070716255063e-06,
    3.531786182135314e-05,
    -1.792591344857669e-05,
    5.005153923143857e-06,
    -1.074883002524862e-05,
    2.7803206123230475e-05,
    -1.4369485655365357e-05,
    -4.189783362896203e-05,
    -1.4558487530988159e-05,
    -3.710634138771331e-05,
    -2.4471493272488055e-05,
    -2.1829769665083176e-05,
    4.986050910179154e-06,
    1.350694219450471e-05,
    1.5541329776525928e-07,
    -1.4980355926722457e-05,
    3.257074225321215e-05,
    -2.357302259460308e-05,
    3.239897685047112e-06,
    4.165040986254875e-06,
    -7.77105687448285e-06,
    1.4161057260051791e-05,
    -1.589423794286111e-05,
    1.0496388060190176e-07,
    6.907539648224272e-06,
    -3.267127444500067e-06,
    1.1673917150255178e-05,
    2.915029730025187e-05,
    -2.2543338681558663e-05,
    5.872138476278761e-05,
    1.548291129557671e-05,
    -5.751060881067629e-05,
    -2.083142129919829e-05,
    -2.5455131572530636e-06,
    -7.964977211044767e-06
  ],
  "state_var": [
    6.376729225458703e-07,
    6.510124401248944e-07,
    6.700194090642688e-07,
    7.822259668289383e-07,
    6.732227308062488e-07,
    6.839332059424105e-07,
    6.63458913925913e-07,
    6.456270315652734e-07,
    6.282122145405558e-07,
    8.123362346920784e-07,
    7.384144747426446e-07,
    8.761054236832619e-07,
    6.395028123983073e-07,
    6.10093454012584e-07,
    7.546981099158363e-07,
    6.26089646495014e-07,
    9.099148454406031e-07,
    8.123710678515315e-07,
    9.35412107772757e-07,
    6.166087622179648e-07,
    9.041628912287016e-07,
    6.529702780307071e-07,
    5.988713618533238e-07,
    6.223107441756417e-07,
    6.227601183023955e-07,
    6.224550270059716e-07,
    7.316137067118398e-07,
    6.279484796215455e-07,
    6.322602128840338e-07,
    6.583878410197719e-07,
    6.514916593975255e-07,
    6.045143274575516e-07,
    6.798044718453805e-07,
    8.17286128992677e-07,
    7.704768066062485e-07,
    8.35147124930973e-07,
    7.041122185602944e-07,
    6.185695615522108e-07,
    7.62340039284117e-07,
    6.508594340713943e-07,
    7.716068886836565e-07,
    6.324472700044769e-07,
    6.141157418986324e-07,
    6.027362457439977e-07
  ],
  "feature_columns": [
    "home_starter_goalie_id",
    "home_rest_days_x",
    "home_penalty_diff_ewm",
    "home_goalie_quality_ewm",
    "home_goalie_starts_last7",
    "home_goalie_starts_last14",
    "home_goalie_b2b_starter",
    "home_goalie_uncertainty_feature",
    "home_lineup_uncertainty",
    "away_starter_goalie_id",
    "away_rest_days_x",
    "away_penalty_diff_ewm",
    "away_goalie_quality_ewm",
    "away_goalie_starts_last7",
    "away_goalie_starts_last14",
    "away_goalie_b2b_starter",
    "away_goalie_uncertainty_feature",
    "away_lineup_uncertainty",
    "diff_form_goal_diff",
    "diff_form_win_rate",
    "diff_xg_share",
    "diff_penalty_diff",
    "diff_roster_strength",
    "diff_lineup_uncertainty",
    "special_pp_diff",
    "special_penalty_diff",
    "special_pk_pressure_diff",
    "goalie_quality_diff",
    "goalie_workload_diff_7",
    "goalie_workload_diff_14",
    "goalie_uncertainty_diff",
    "home_rest_days_y",
    "home_travel_miles",
    "away_rest_days_y",
    "away_travel_miles",
    "travel_diff",
    "rest_diff",
    "rink_goal_effect",
    "rink_shot_effect",
    "fallback_goalie_unknown",
    "fallback_lineup_proxy_used",
    "elo_home_pre",
    "elo_away_pre",
    "elo_home_prob",
    "dyn_home_mean",
    "dyn_away_mean",
    "dyn_home_prob",
    "dyn_var_diff"
  ],
  "beta": [
    5.160677812201381e-05,
    -1.3342142391170846e-05,
    -1.440013198441094e-06,
    1.3680681619000252e-07,
    2.342046126174799e-05,
    6.194197860441655e-05,
    5.572268297627616e-06,
    -8.560127996732982e-06,
    -7.590319070786824e-07,
    -5.1651325130828196e-05,
    -6.358651857310942e-05,
    -6.835336350614848e-07,
    -4.768543100825596e-07,
    2.9672497718645127e-05,
    7.049199185819826e-05,
    7.632544032598595e-06,
    -8.877585960554629e-06,
    -7.590319070786824e-07,
    6.917768271267114e-05,
    1.2781438552196497e-05,
    2.3401812640671607e-06,
    -7.564795650380648e-07,
    1.864197267087238e-05,
    0.0,
    5.971358575870031e-07,
    -7.564795650380648e-07,
    1.6390469863044764e-06,
    6.136611242624814e-07,
    -6.252036449589453e-06,
    -8.55001323771977e-06,
    3.174579541148942e-07,
    -1.5160137992067258e-05,
    0.0,
    -5.6231676521803e-05,
    0.0,
    0.0,
    4.107153853933402e-05,
    4.015675774985339e-05,
    0.00018405402687104462,
    -9.43364471803483e-06,
    -2.7722296223143546e-09,
    0.0027095637559964403,
    -0.0023926152602473994,
    3.1189597606207352e-06,
    2.7238561266014174e-05,
    -1.397580272657437e-05,
    8.392886832641834e-06,
    -1.8925010942548725e-06
  ],
  "intercept": -2.7722296335738308e-09,
  "elbo_trace": [
    -819.2351922652482,
    -836.1647993493165,
    -836.1657682779778
  ]
}