model_name,log_loss,brier,accuracy,auc,ece,mce,calibration_alpha,calibration_beta
nn_mlp,1.2529371640638358,0.36199698541299224,0.5006622516556292,0.5137728257505416,0.3051863050639311,0.5420807178461301,0.09768238957394888,0.011069740627957207
