model_name,log_loss,brier,accuracy,auc,ece,mce,calibration_alpha,calibration_beta
gbdt,0.7928510461909332,0.2794004808498169,0.5649717514124294,0.5755458336321629,0.14747933081189413,0.3737174785343952,0.1068460505470144,0.20190814170173615
