model_name,log_loss,brier,accuracy,auc,ece,mce,calibration_alpha,calibration_beta
rf,0.6466456941065328,0.2271609097827691,0.6435897435897436,0.6793639077626715,0.03875858206792704,0.33318512543641093,-0.1325175430390485,0.9117875887042315
