model_name,log_loss,brier,accuracy,auc,ece,mce,calibration_alpha,calibration_beta
glm_logit,0.6804555178678136,0.2437316302578934,0.5706214689265536,0.5872360480722929,0.02940216019549701,0.31443441953775497,0.06159680938212745,0.6845434186104242
