model_name,log_loss,brier,accuracy,auc,ece,mce,calibration_alpha,calibration_beta
rf,0.6435478614821609,0.22580731951583344,0.6423076923076924,0.6836871206479547,0.03562836446361493,0.3181985542620109,-0.12978345214179418,0.9621620630870137
