model_name,log_loss,brier,accuracy,auc,ece,mce,calibration_alpha,calibration_beta
nn_mlp,3.5000376423960384,0.4402022413941773,0.5015384615384615,0.5002134724857685,0.42120299305552433,0.5128413431985569,0.09396215657554009,-0.0006727028487643582
