model_name,log_loss,brier,accuracy,auc,ece,mce,calibration_alpha,calibration_beta
glm_logit,0.659584377751474,0.231176688962576,0.6423076923076924,0.6734326705724961,0.056912545018362654,0.2497264672561622,-0.04929719946116783,0.647750089324767
