{
  "bayes_bt_state_space": {
    "accuracy": 0.5368516833484986,
    "auc": 0.5558742870043892,
    "brier": 0.24600362805378193,
    "log_loss": 0.6849666771474386
  },
  "bayes_goals": {
    "accuracy": 0.6060054595086443,
    "auc": 0.6300125500507978,
    "brier": 0.23771708393084626,
    "log_loss": 0.6680197512257897
  },
  "dynamic_rating": {
    "accuracy": 0.532302092811647,
    "auc": 0.5452963870462226,
    "brier": 0.268178680434589,
    "log_loss": 0.7378470264523075
  },
  "elo_baseline": {
    "accuracy": 0.5468607825295724,
    "auc": 0.5552683652396795,
    "brier": 0.24667144460299456,
    "log_loss": 0.6863877657200192
  },
  "gbdt": {
    "accuracy": 1.0,
    "auc": 1.0,
    "brier": 3.0247017244629566e-12,
    "log_loss": 1.7370994667138428e-06
  },
  "glm_logit": {
    "accuracy": 0.8808007279344859,
    "auc": 0.942694741595118,
    "brier": 0.08867312091341042,
    "log_loss": 0.30027243229293227
  },
  "goals_poisson": {
    "accuracy": 0.6232939035486806,
    "auc": 0.6433826703055173,
    "brier": 0.23592401556970985,
    "log_loss": 0.6645363685766731
  },
  "rf": {
    "accuracy": 1.0,
    "auc": 1.0,
    "brier": 0.026006495731164984,
    "log_loss": 0.15834162725730822
  },
  "simulation_first": {
    "accuracy": 0.5286624203821656,
    "auc": 0.5359253504385877,
    "brier": 0.2552539224526935,
    "log_loss": 0.7056796932238146
  },
  "two_stage": {
    "accuracy": 0.8735213830755232,
    "auc": 0.9354834425652568,
    "brier": 0.09491216008388469,
    "log_loss": 0.31829962329951517
  }
}