model_name,log_loss,brier,accuracy,auc,ece,mce,calibration_alpha,calibration_beta
gbdt,0.8158463281249725,0.28701994632649225,0.5480225988700564,0.5667704886120304,0.17517992152805567,0.3837016080640008,0.11091152324432905,0.17262145169761278
