model_name,log_loss,brier,accuracy,auc,ece,mce,calibration_alpha,calibration_beta
two_stage,1.2319257038274576,0.30678297804566157,0.6038461538461538,0.6218309070179717,0.22801286199888474,0.3562588610231468,-0.07228666448591305,0.11899983490936562
