{
  "selected_width": 14,
  "selected_reason": "Near-best walk-forward fit with cleaner significance profile than width 16.",
  "comparison": {
    "width_16": {
      "log_loss": 0.659584377751474,
      "brier": 0.231176688962576,
      "accuracy": 0.6423076923076924,
      "auc": 0.6734326705724961,
      "sig_p05": 6,
      "sig_p10": 8,
      "mean_p_value": 0.21144599202211486,
      "vif_gt_10": 6,
      "sign_flip_share": 0.25,
      "coef_cv_median": 0.3032849986926888
    },
    "width_14": {
      "log_loss": 0.6599458549542777,
      "brier": 0.23100592643965293,
      "accuracy": 0.6538461538461539,
      "auc": 0.674750723281424,
      "sig_p05": 7,
      "sig_p10": 7,
      "mean_p_value": 0.1831362689723207,
      "vif_gt_10": 6,
      "sign_flip_share": 0.2857142857142857,
      "coef_cv_median": 0.3033832063227571
    }
  },
  "selected_features": [
    "diff_form_point_margin",
    "diff_form_win_rate",
    "travel_diff",
    "rest_diff",
    "discipline_free_throw_pressure_diff",
    "discipline_foul_margin_diff",
    "elo_home_prob",
    "dyn_home_prob",
    "arena_margin_effect",
    "diff_shot_volume_share",
    "elo_away_pre",
    "dyn_away_mean",
    "elo_home_pre",
    "dyn_home_mean"
  ]
}