model_name,log_loss,brier,accuracy,auc,ece,mce,calibration_alpha,calibration_beta
gbdt,0.8122488789590935,0.270285097688445,0.6141025641025641,0.6419048497749424,0.1803311456206747,0.2671670017235429,-0.055828159865583794,0.2782452924857489
