model_name,log_loss,brier,accuracy,auc,ece,mce,calibration_alpha,calibration_beta
two_stage,1.2465055688638353,0.3084372446069396,0.6102564102564103,0.6284211705626108,0.24520873382759267,0.37003579231293365,-0.03767422694098536,0.12170144364443178
