model_name,log_loss,brier,accuracy,auc,ece,mce,calibration_alpha,calibration_beta
rf,0.6407715440333861,0.22465304307588513,0.6384615384615384,0.6872919948068724,0.029113248358740962,0.3219127205162607,-0.1296769531195792,1.039743374349992
