model_name,log_loss,brier,accuracy,auc,ece,mce,calibration_alpha,calibration_beta
gbdt,0.8322320473916035,0.29060388589202485,0.5525423728813559,0.5613249592737928,0.17539840839038917,0.40389253484302634,0.10425311828540308,0.15112789685983133
