{
  "process_variance": 0.08,
  "prior_variance": 1.5,
  "draws": 500,
  "team_to_ix": {
    "ANA": 0,
    "BOS": 1,
    "BUF": 2,
    "CAN": 3,
    "CAR": 4,
    "CBJ": 5,
    "CGY": 6,
    "CHI": 7,
    "COL": 8,
    "CZE": 9,
    "DAL": 10,
    "DEN": 11,
    "DET": 12,
    "EDM": 13,
    "FIN": 14,
    "FLA": 15,
    "FRA": 16,
    "GER": 17,
    "ITA": 18,
    "LAK": 19,
    "LAT": 20,
    "MIN": 21,
    "MTL": 22,
    "NJD": 23,
    "NSH": 24,
    "NYI": 25,
    "NYR": 26,
    "OTT": 27,
    "PHI": 28,
    "PIT": 29,
    "SEA": 30,
    "SJS": 31,
    "STL": 32,
    "SUI": 33,
    "SVK": 34,
    "SWE": 35,
    "TBL": 36,
    "TOR": 37,
    "USA": 38,
    "UTA": 39,
    "VAN": 40,
    "VGK": 41,
    "WPG": 42,
    "WSH": 43
  },
  "ix_to_team": [
    "ANA",
    "BOS",
    "BUF",
    "CAN",
    "CAR",
    "CBJ",
    "CGY",
    "CHI",
    "COL",
    "CZE",
    "DAL",
    "DEN",
    "DET",
    "EDM",
    "FIN",
    "FLA",
    "FRA",
    "GER",
    "ITA",
    "LAK",
    "LAT",
    "MIN",
    "MTL",
    "NJD",
    "NSH",
    "NYI",
    "NYR",
    "OTT",
    "PHI",
    "PIT",
    "SEA",
    "SJS",
    "STL",
    "SUI",
    "SVK",
    "SWE",
    "TBL",
    "TOR",
    "USA",
    "UTA",
    "VAN",
    "VGK",
    "WPG",
    "WSH"
  ],
  "state_mean": [
    1.841674448193458e-05,
    8.490950320637226e-06,
    3.665678847476035e-05,
    3.654203923917798e-05,
    2.4163588420283834e-05,
    2.4912644657448542e-05,
    -2.6373617683688363e-05,
    -1.6665143194058062e-05,
    -2.0984600888999128e-06,
    -7.306283162987616e-06,
    3.526438168370666e-05,
    -1.7916443676639633e-05,
    5.007824099071341e-06,
    -1.0757586934322825e-05,
    2.7747142140300547e-05,
    -1.4370618958147856e-05,
    -4.181077865354231e-05,
    -1.4534367131105463e-05,
    -3.698598646827608e-05,
    -2.443714267301366e-05,
    -2.1753241524283283e-05,
    4.994939435278993e-06,
    1.3484351080799183e-05,
    1.3897372684891653e-07,
    -1.4948288419368753e-05,
    3.252964473607903e-05,
    -2.3531301367318205e-05,
    3.193917229949879e-06,
    4.151893307293568e-06,
    -7.7759595848996e-06,
    1.4163575314237107e-05,
    -1.586077836042303e-05,
    7.945456617571223e-08,
    6.872436415825251e-06,
    -3.216086342319136e-06,
    1.1574711526017838e-05,
    2.9120405971446394e-05,
    -2.2489889304508117e-05,
    5.860699764922074e-05,
    1.5467118663872073e-05,
    -5.743163396754628e-05,
    -2.081958987673946e-05,
    -2.537492251184498e-06,
    -7.959833517093556e-06
  ],
  "state_var": [
    6.376927880933456e-07,
    6.509819110520442e-07,
    6.699361488265834e-07,
    7.8242021168681e-07,
    6.731843919899327e-07,
    6.839500479682151e-07,
    6.635075966163517e-07,
    6.456255918725324e-07,
    6.281831658222159e-07,
    8.124269117468438e-07,
    7.38480868096858e-07,
    8.760100967091241e-07,
    6.394835047193534e-07,
    6.101121466602066e-07,
    7.549245218614053e-07,
    6.260563088624469e-07,
    9.102224172905105e-07,
    8.125495124509519e-07,
    9.362372081783228e-07,
    6.166070023583802e-07,
    9.041711448875526e-07,
    6.528635467290005e-07,
    5.988266803213612e-07,
    6.222952958058374e-07,
    6.227427494139758e-07,
    6.224596493460514e-07,
    7.316814006107429e-07,
    6.27980697557089e-07,
    6.322596860999092e-07,
    6.583879796416913e-07,
    6.514656759484407e-07,
    6.045156627875965e-07,
    6.796953646001719e-07,
    8.175202232098718e-07,
    7.705231011670491e-07,
    8.351700192565518e-07,
    7.040360111522842e-07,
    6.185694688345827e-07,
    7.625445977186937e-07,
    6.508134966136439e-07,
    7.715711893218123e-07,
    6.324449780740282e-07,
    6.141009787411134e-07,
    6.027262572709427e-07
  ],
  "feature_columns": [
    "home_starter_goalie_id",
    "home_rest_days_x",
    "home_penalty_diff_ewm",
    "home_goalie_quality_raw",
    "home_goalie_quality_ewm",
    "home_goalie_starts_last7",
    "home_goalie_starts_last14",
    "home_goalie_b2b_starter",
    "home_goalie_uncertainty_feature",
    "home_penalty_diff_proxy",
    "home_lineup_uncertainty",
    "away_starter_goalie_id",
    "away_rest_days_x",
    "away_penalty_diff_ewm",
    "away_goalie_quality_raw",
    "away_goalie_quality_ewm",
    "away_goalie_starts_last7",
    "away_goalie_starts_last14",
    "away_goalie_b2b_starter",
    "away_goalie_uncertainty_feature",
    "away_penalty_diff_proxy",
    "away_lineup_uncertainty",
    "diff_form_goal_diff",
    "diff_form_win_rate",
    "diff_xg_share",
    "diff_shots_for",
    "diff_shots_against",
    "diff_penalty_diff",
    "diff_roster_strength",
    "diff_lineup_uncertainty",
    "special_pp_diff",
    "special_penalty_diff",
    "special_pk_pressure_diff",
    "goalie_quality_diff",
    "goalie_workload_diff_7",
    "goalie_workload_diff_14",
    "goalie_uncertainty_diff",
    "home_rest_days_y",
    "home_travel_miles",
    "away_rest_days_y",
    "away_travel_miles",
    "travel_diff",
    "rest_diff",
    "rink_goal_effect",
    "rink_shot_effect",
    "fallback_goalie_unknown",
    "fallback_lineup_proxy_used",
    "elo_home_pre",
    "elo_away_pre",
    "elo_home_prob",
    "dyn_home_mean",
    "dyn_away_mean",
    "dyn_home_prob",
    "dyn_var_diff"
  ],
  "beta": [
    5.1619561008044885e-05,
    -1.3317719972621092e-05,
    -1.437395212091868e-06,
    1.1266177294400607e-05,
    1.3655243805446175e-07,
    2.3377545306319576e-05,
    6.18284812444693e-05,
    5.5620562343787244e-06,
    -8.544440336462795e-06,
    1.3486879117690765e-05,
    -7.576398137300156e-07,
    -5.166400361650226e-05,
    -6.34700213373882e-05,
    -6.822590690372373e-07,
    -1.2361304546489444e-05,
    -4.7597746264247545e-07,
    2.9618135108126127e-05,
    7.036282095245397e-05,
    7.618560216542516e-06,
    -8.861317754740469e-06,
    -1.3486879117690765e-05,
    -7.576398137300156e-07,
    6.905003591003273e-05,
    1.2757876549178124e-05,
    2.335855225177976e-06,
    0.00013006973838148642,
    -0.0001980618315945224,
    -7.551361431694744e-07,
    1.8607776436448064e-05,
    0.0,
    5.960341941655238e-07,
    -7.551361431694744e-07,
    1.6360312883326596e-06,
    6.125299014381824e-07,
    -6.24058977375616e-06,
    -8.534339598200133e-06,
    3.1687743079788853e-07,
    -1.5132324658005329e-05,
    0.0,
    -5.612851616657379e-05,
    0.0,
    0.0,
    4.0996191459666845e-05,
    4.008313121560269e-05,
    0.000183716439167855,
    -9.416356395809446e-06,
    -2.7671498162272573e-09,
    0.0027045848861202144,
    -0.002388217497703144,
    3.1132276895222416e-06,
    2.718846993415423e-05,
    -1.3950032671807598e-05,
    8.37743338465353e-06,
    -1.8890392035179033e-06
  ],
  "intercept": -2.7671498259926013e-09,
  "elbo_trace": [
    -819.2351922652482,
    -836.219451131657,
    -836.2204240165628
  ]
}