model_name,log_loss,brier,accuracy,auc,ece,mce,calibration_alpha,calibration_beta
gbdt,0.8078352559720436,0.27058368896448765,0.5974358974358974,0.6337658742973131,0.17037445817744098,0.3189244491717086,-0.02185988144911184,0.2700937739648094
