model_name,log_loss,brier,accuracy,auc,ece,mce,calibration_alpha,calibration_beta
rf,0.6823577447771003,0.2446848748274789,0.5559322033898305,0.5870721186848765,0.04277277649009087,0.053432206077665745,0.1583114515619077,0.8672445533175612
