split,model_name,display_name,params,log_loss,brier,accuracy,auc,ece,mce,calibration_alpha,calibration_beta,brier_reliability,brier_resolution,brier_uncertainty,mean_abs_calibration_gap,max_abs_calibration_gap,top_quantile_actual_lift,top_vs_bottom_actual_lift_ratio,normalized_gini,top_decile_event_capture,roc_operating_point_best_balanced_accuracy,tossup_share_current_band,fit_status,fit_error
validation,intercept_only,Intercept Only,p_home_win=0.555556,0.6856819003173852,0.24627638391079254,0.5612903225806452,0.5,0.005734767025089682,0.005734767025089682,0.24640116985197363,1.860076075527184e-07,3.2887552832055963e-05,0.0,0.24624349635796045,0.005734767025089571,0.005734767025089571,1.0,1.0,-0.08553076402974952,0.08045977011494253,0.05,,ok,
validation,glm_elastic_net,Elastic Net GLM,c=0.1; l1_ratio=0.1,0.6912277253481072,0.24381460027616128,0.6129032258064516,0.6435513860716701,0.09802358842932189,0.41108989577419486,0.18303324577770777,0.45421972089329327,0.012918881576259034,0.016614108442013702,0.24624349635796045,0.10187642144689368,0.23853776124819676,1.3218390804597702,1.9166666666666665,0.2871027721433395,0.13218390804597702,0.5,,ok,
validation,glm_ridge,GLM Ridge,c=0.1,0.6922019883678096,0.24408339024009099,0.6096774193548387,0.6436781609195402,0.10287046851774004,0.4147702970616172,0.1840229139223531,0.45077552783565805,0.01363345982906515,0.01637912338531574,0.24624349635796045,0.10664539788276221,0.20844087246193896,1.3218390804597702,2.090909090909091,0.2873563218390801,0.13218390804597702,0.5,,ok,
validation,glm_lasso,Lasso GLM,c=1,0.7024671026987926,0.24687856482331735,0.6064516129032258,0.6438894523326573,0.10491500134436475,0.41451618713962285,0.18912612541032064,0.4191023091236506,0.01756782144167684,0.016222712838749685,0.24624349635796045,0.11699137937988194,0.25786667821154696,1.3218390804597702,1.9166666666666665,0.28777890466531436,0.13218390804597702,0.55,,ok,
validation,glm_vanilla,Vanilla GLM,{},0.7041488298462639,0.24728585126378194,0.6161290322580645,0.6441430020283976,0.11909270732176828,0.41841084103867376,0.19005198546636756,0.41440259416148933,0.019338254729760168,0.01650327900545843,0.24624349635796045,0.11935293107863228,0.2283362888166724,1.3218390804597702,2.090909090909091,0.28828600405679494,0.13218390804597702,0.5,,ok,
