split,model_name,display_name,params,log_loss,brier,accuracy,auc,ece,mce,calibration_alpha,calibration_beta,brier_reliability,brier_resolution,brier_uncertainty,mean_abs_calibration_gap,max_abs_calibration_gap,top_quantile_actual_lift,top_vs_bottom_actual_lift_ratio,normalized_gini,top_decile_event_capture,roc_operating_point_best_balanced_accuracy,tossup_share_current_band,fit_status,fit_error
test,glm_elastic_net,Elastic Net GLM,c=0.05; l1_ratio=0.1,0.6307063969210299,0.21868580569588367,0.6451612903225806,0.7227772227772229,0.09030829083385551,0.19249968762932115,-0.3339919535383752,1.0759317382581464,0.0093944628244638,0.04011052376557232,0.2499895941727367,0.09900493037659494,0.18005587204676637,1.3636363636363635,4.199999999999999,0.4455544455544454,0.13636363636363635,0.55,,ok,
test,glm_ridge,GLM Ridge,c=0.05,0.6308436772942595,0.21870279954378322,0.6451612903225806,0.7226107226107226,0.0891555048784058,0.193359845408946,-0.3294927855382491,1.0539409999905032,0.00950008085124104,0.04028820999134941,0.2499895941727367,0.09793700449531081,0.20267190385267536,1.4285714285714286,4.4,0.4452214452214452,0.14285714285714285,0.55,,ok,
test,glm_lasso,Lasso GLM,c=0.1,0.6319226004312365,0.2192544252948549,0.6580645161290323,0.7201548451548452,0.07240671133252574,0.18415902094165815,-0.33823286801306973,1.0992141366220387,0.008704756102385065,0.0397667074667387,0.2499895941727367,0.07120126724987261,0.18255249996119455,1.4935064935064934,5.75,0.4403096903096901,0.14935064935064934,0.6,,ok,
test,glm_vanilla,Vanilla GLM,{},0.6330242474647725,0.21931231795122216,0.6419354838709678,0.7182400932400932,0.07857119836460401,0.4058218933710842,-0.3092972711422537,0.9608851964093503,0.008913006355070505,0.038257989627570745,0.2499895941727367,0.10305537998773709,0.21062610070755222,1.3636363636363635,3.4999999999999996,0.4364801864801865,0.13636363636363635,0.55,,ok,
test,intercept_only,Intercept Only,p_home_win=0.558011,0.7006753712571822,0.2537395467269796,0.4967741935483871,0.5,0.06123685617536995,0.06123685617536995,-0.012238528993132367,-0.0028178577953522407,0.0037499525542429445,0.0,0.2499895941727367,0.061236856175369836,0.061236856175369836,1.0,1.0,-0.039127539127539204,0.06493506493506493,0.05,,ok,
