reference_model,comparison_model,delta_log_loss_mean,delta_log_loss_p025,delta_log_loss_p500,delta_log_loss_p975,delta_log_loss_prob_reference_better,delta_brier_mean,delta_brier_p025,delta_brier_p500,delta_brier_p975,delta_brier_prob_reference_better
intercept_only,glm_vanilla,6.38314641664599,5.6604700185713455,6.397604880253548,7.098199410168081,1.0,0.2629537390482905,0.20959087292630754,0.2627675442865675,0.314889574659472,1.0
intercept_only,glm_ridge,1.994033670866777,1.5863238119077274,1.9922387992628514,2.368738813414629,1.0,0.20586144050020244,0.1512670468009726,0.2069150994544613,0.2555457086035891,1.0
intercept_only,gam_spline,0.5174643344610425,0.3786583665868495,0.5175332669925443,0.6560336984769213,1.0,0.1269626013997993,0.0866057598368875,0.12682796290418086,0.16807543737854802,1.0
intercept_only,glmm_logit,0.4825582708925966,0.35860710589553546,0.4811543584903063,0.6167034174936756,1.0,0.129172741432246,0.09001390232413817,0.12846054837787732,0.1712294448954685,1.0
intercept_only,glm_lasso,0.31431767078308476,0.19726608525219325,0.31321334469438167,0.4321009164871797,1.0,0.07116690018540126,0.03720892712939836,0.07126283124407803,0.10518080751411743,1.0
intercept_only,glm_elastic_net,0.205110384352918,0.11880882487715402,0.20365205065506803,0.2924514506097357,1.0,0.06450242886328815,0.032276609452985064,0.06394995289610769,0.09573126319127939,1.0
intercept_only,dglm_margin,0.02559027806473055,0.0005629139359050489,0.02568220624675116,0.053347749329198724,0.978,0.011033221167371385,-0.000601677007493833,0.01109432828950381,0.023917323794827767,0.97
intercept_only,mars_hinge,0.0032416269138866244,-0.008987814002436149,0.0031050216716510537,0.01729276754163037,0.683,0.0014382977150350302,-0.004216927186375947,0.0013615733845610961,0.007968407048283738,0.681
