{
  "bayes_bt_state_space": {
    "accuracy": 0.5359417652411284,
    "auc": 0.5556950005644203,
    "brier": 0.24601074560226052,
    "log_loss": 0.6849808969606304
  },
  "bayes_goals": {
    "accuracy": 0.6060054595086443,
    "auc": 0.6300125500507978,
    "brier": 0.23771708393084626,
    "log_loss": 0.6680197512257897
  },
  "dynamic_rating": {
    "accuracy": 0.532302092811647,
    "auc": 0.5452963870462226,
    "brier": 0.268178680434589,
    "log_loss": 0.7378470264523075
  },
  "elo_baseline": {
    "accuracy": 0.5468607825295724,
    "auc": 0.5552683652396795,
    "brier": 0.24667144460299456,
    "log_loss": 0.6863877657200192
  },
  "gbdt": {
    "accuracy": 0.9872611464968153,
    "auc": 0.9991766104238464,
    "brier": 0.06560011000689504,
    "log_loss": 0.2745136791994495
  },
  "glm_logit": {
    "accuracy": 0.5414012738853503,
    "auc": 0.5562727013154312,
    "brier": 0.2455471691000576,
    "log_loss": 0.6840183641613119
  },
  "goals_poisson": {
    "accuracy": 0.6232939035486806,
    "auc": 0.6433826703055173,
    "brier": 0.23592401556970985,
    "log_loss": 0.6645363685766731
  },
  "rf": {
    "accuracy": 0.905368516833485,
    "auc": 0.9716793827234275,
    "brier": 0.1740551467672512,
    "log_loss": 0.5353439040934027
  },
  "simulation_first": {
    "accuracy": 0.5286624203821656,
    "auc": 0.5359253504385877,
    "brier": 0.2552539224526935,
    "log_loss": 0.7056796932238146
  },
  "two_stage": {
    "accuracy": 0.5423111919927207,
    "auc": 0.5563457439391223,
    "brier": 0.24554508265565883,
    "log_loss": 0.6840130265941715
  }
}