model_name,log_loss,brier,accuracy,auc,ece,mce,calibration_alpha,calibration_beta
rf,0.6819686903704665,0.24452804927086233,0.5683615819209039,0.5883220802639264,0.04320324913927389,0.17986650692649309,0.15050810603147732,0.8499257623948934
