model_name,log_loss,brier,accuracy,auc,ece,mce,calibration_alpha,calibration_beta
bayes_bt_state_space,0.6761427344899619,0.24177703643263415,0.5683615819209039,0.5946487300595269,0.034184853210201566,0.2855201192875339,0.06042580433469604,0.7757877332400129
