model_name,log_loss,brier,accuracy,auc,ece,mce,calibration_alpha,calibration_beta
rf,0.6460058499466406,0.22700525246498884,0.6358974358974359,0.6798252262107961,0.03980798348183612,0.31476520134798747,-0.13887764023505936,0.9364012618942174
