model_name,log_loss,brier,accuracy,auc,ece,mce,calibration_alpha,calibration_beta
two_stage,0.7270330126819817,0.26311826619686496,0.5175141242937853,0.5617194143622635,0.12685766140707225,0.43765821114593195,0.15227463296559593,0.30049704573393043
